Tema,Keywords,Resultados,GoogleNews,YahooNews
Reputational Risk,company reputation damage,77,,https://search.yahoo.com/search?p=company+reputation+damage&fr2=piv-web
,,,,https://www.dailymail.co.uk/news/article-7055469/As-Niki-Lauda-dies-aged-70-TOM-LEONARD-story-Grand-Prix-legends-incredible-recovery.html?ns_mchannel=rss&ns_campaign=1490&ito=1490
,,,,https://apnews.com/Business%20Wire/f29a4cacd1514a4ca39d0ceef6d117a0
,,,,https://news.yahoo.com/500-220200647.html
,,,,https://apnews.com/Business%20Wire/e3cbd00425694f2eb6ba2725620022db
,,,,https://www.msn.com/en-us/money/topstocks/chipotles-amazing-comeback-continues/ar-AABRlV1?li=BBnb7Kz
,,,,https://www.bloomberg.com/opinion/articles/2019-05-23/once-bullish-tesla-stock-analyst-reveals-his-inner-bear?srnd=opinion
,,,,https://www.bbc.com/news/uk-scotland-scotland-business-48402357
,,,,https://news.yahoo.com/japan-biggest-phone-companies-look-055848844.html
,,,,https://www.forbes.com/sites/joemckendrick/2019/05/25/with-the-great-power-of-artificial-intelligence-comes-great-responsibility/
,,,,https://www.entrepreneur.com/article/334025
,,,,https://news.search.yahoo.com/search?p=company+reputation+damage&b=11&pz=10&bct=0&xargs=0
,,,,https://finance.yahoo.com/video/huaweis-liu-allegations-germany-reputation-110617350.html
,company reputation damaged,32,,https://search.yahoo.com/search?p=company+reputation+damaged&fr2=piv-web
,,,,https://www.dailymail.co.uk/news/article-7055469/As-Niki-Lauda-dies-aged-70-TOM-LEONARD-story-Grand-Prix-legends-incredible-recovery.html?ns_mchannel=rss&ns_campaign=1490&ito=1490
,,,,https://www.msn.com/en-nz/sport/rugby-union/israel-folau-social-media-case-has-damaged-rugbys-reputation-ra-chairman-says/ar-AABQGka?li=BBqdhxG
,,,,https://www.msn.com/en-gb/news/newsbirmingham/dorothy-perkins-burton-topshop-and-topman-closures-announced-with-520-jobs-at-risk/ar-AABKqkT
,,,,https://www.cnet.com/news/macbook-keyboard-sticking-apple-has-new-design-promises-quicker-repair/
,,,,https://www.theverge.com/2019/5/21/18634240/art-club
,,,,https://www.nytimes.com/2019/05/23/business/boeing-737-max-faa-regulation.html?dlbk=
,,,,https://www.msn.com/en-gb/news/newsbirmingham/23-dorothy-perkins-burton-miss-selfridge-topshop-and-topman-stores-to-shut-full-list/ar-AABKEAf
,,,,https://www.mirror.co.uk/news/uk-news/ban-boss-four-failed-print-16183236
,,,,https://www.courierpostonline.com/story/money/2019/05/22/mng-enterprises-reduces-stake-gannett/1197951001/
,,,,https://www.hotnewhiphop.com/fetty-wapp-heading-to-court-next-month-with-ex-employee-owes-s242k-in-debt-news.81140.html
,,,,https://news.search.yahoo.com/search?p=company+reputation+damaged&b=11&pz=10&bct=0&xargs=0
,,,,https://www.yahoo.com/news/t-ceo-says-hiring-michael-044134368.html
,damage company reputation,77,,https://search.yahoo.com/search?p=damage+company+reputation&fr2=piv-web
,,,,https://www.dailymail.co.uk/news/article-7055469/As-Niki-Lauda-dies-aged-70-TOM-LEONARD-story-Grand-Prix-legends-incredible-recovery.html?ns_mchannel=rss&ns_campaign=1490&ito=1490
,,,,https://www.msn.com/en-us/money/topstocks/chipotles-amazing-comeback-continues/ar-AABRlV1
,,,,https://www.entrepreneur.com/article/334025
,,,,https://finance.yahoo.com/news/anti-phishing-might-anti-climactic-105628254.html
,,,,https://www.forbes.com/sites/joemckendrick/2019/05/25/with-the-great-power-of-artificial-intelligence-comes-great-responsibility/
,,,,https://news.yahoo.com/500-220200647.html
,,,,https://www.mirror.co.uk/news/uk-news/huge-damage-done-reputation-lawyers-16183000
,,,,https://www.marketwatch.com/story/social-media-security-market-to-discover-applications-across-diverse-sectors-fortune-business-insights-2019-05-22?mod=mw_quote_news
,,,,https://www.nytimes.com/2019/05/23/business/deutsche-bank-shareholders-meeting.html
,,,,https://www.thedailybeast.com/facebook-stops-paying-commission-to-staff-who-sell-political-ads
,,,,https://news.search.yahoo.com/search?p=damage+company+reputation&b=11&pz=10&bct=0&xargs=0
,,,,https://finance.yahoo.com/video/huaweis-liu-allegations-germany-reputation-110617350.html
,damaged company reputation,32,,https://search.yahoo.com/search?p=damaged+company+reputation&fr2=piv-web
,,,,https://www.dailymail.co.uk/news/article-7055469/As-Niki-Lauda-dies-aged-70-TOM-LEONARD-story-Grand-Prix-legends-incredible-recovery.html?ns_mchannel=rss&ns_campaign=1490&ito=1490
,,,,https://www.msn.com/en-nz/sport/rugby-union/israel-folau-social-media-case-has-damaged-rugbys-reputation-ra-chairman-says/ar-AABQGka?li=BBqdhxG
,,,,https://www.nytimes.com/2019/05/23/business/boeing-737-max-faa-regulation.html?dlbk=
,,,,https://www.msn.com/en-gb/news/newsbirmingham/dorothy-perkins-burton-topshop-and-topman-closures-announced-with-520-jobs-at-risk/ar-AABKqkT
,,,,https://www.msn.com/en-gb/news/newsbirmingham/23-dorothy-perkins-burton-miss-selfridge-topshop-and-topman-stores-to-shut-full-list/ar-AABKEAf
,,,,https://www.cnet.com/news/macbook-keyboard-sticking-apple-has-new-design-promises-quicker-repair/
,,,,https://www.msn.com/en-gb/news/uknews/shamed-skipper-of-hms-queen-elizabeth-is-to-sail-the-aircraft-carrier-back-home-to-portsmouth-today-%e2%80%93-before-being-stripped-of-his-command-for-using-his-official-car-at-weekends/ar-AABEJVM?li=BBoPWjQ
,,,,https://www.theverge.com/2019/5/21/18634240/microsoft-huawei-matebook-x-pro-laptop-store-windows-ban-no-comment
,,,,https://www.mirror.co.uk/news/uk-news/ban-boss-four-failed-print-16183236
,,,,https://www.msn.com/en-gb/money/news/sir-philip-greens-arcadia-group-confirms-plans-to-shut-23-stores-in-move-that-puts-520-jobs-at-risk/ar-AABKyAg?li=AA54rU
,,,,https://news.search.yahoo.com/search?p=damaged+company+reputation&b=11&pz=10&bct=0&xargs=0
,,,,https://www.yahoo.com/news/t-ceo-says-hiring-michael-044134368.html
,damaging company reputation,8,,https://search.yahoo.com/search?p=damaging+company+reputation&fr2=piv-web
,,,,https://www.nytimes.com/2019/05/27/health/juul-ecigarettes-science.html?searchResultPosition=8
,,,,https://www.law.com/newyorklawjournal/2019/05/21/remembering-the-autumn-jacksonbill-cosby-extortion-case-in-the-time-of-michael-avenatti/
,,,,https://www.clickorlando.com/news/brexit-fears-trashed-pound-mays-exit-offers-little-relief
,,,,https://feeds.slashgear.com/~r/slashgear/~3/JlwgUHjIJtY/
,,,,https://seekingalpha.com/article/4265633-libor-regulators-back?source=feed_all_articles
,,,,https://www.mycentraljersey.com/story/news/2019/05/25/nj-bars-bellwether-behavioral-health-running-group-homes/1220958001/
,,,,https://www.cars.com/articles/the-week-in-tesla-news-fire-sparks-action-402656/
,,,,https://www.chron.com/entertainment/article/I-Was-in-One-Mode-Protect-Keith-NXIVM-13867729.php
